[
{
  "model": "auth.user",
  "pk": 1,
  "fields": {
    "password": "pbkdf2_sha256$260000$JA2GDTOYcCQVW7zqTFfmIB$IU7rzpBCjxl+FMja1InrJE0kZPQqV/gaZp1RR3XgK60=",
    "last_login": "2021-06-25T16:59:59.648Z",
    "is_superuser": true,
    "username": "admin",
    "first_name": "",
    "last_name": "",
    "email": "admin@example.com",
    "is_staff": true,
    "is_active": true,
    "date_joined": "2021-06-19T21:11:53.097Z",
    "groups": [],
    "user_permissions": []
  }
},
{
  "model": "bookstore.author",
  "pk": 171,
  "fields": {
    "name": "Casey Diaz DVM",
    "age": 47
  }
},
{
  "model": "bookstore.author",
  "pk": 172,
  "fields": {
    "name": "Jennifer Oconnor",
    "age": 50
  }
},
{
  "model": "bookstore.author",
  "pk": 173,
  "fields": {
    "name": "Jeremy White",
    "age": 50
  }
},
{
  "model": "bookstore.author",
  "pk": 174,
  "fields": {
    "name": "Leslie Smith",
    "age": 20
  }
},
{
  "model": "bookstore.author",
  "pk": 175,
  "fields": {
    "name": "Kim Nicholson",
    "age": 64
  }
},
{
  "model": "bookstore.author",
  "pk": 176,
  "fields": {
    "name": "Antonio Dennis",
    "age": 66
  }
},
{
  "model": "bookstore.author",
  "pk": 177,
  "fields": {
    "name": "Regina King",
    "age": 32
  }
},
{
  "model": "bookstore.author",
  "pk": 178,
  "fields": {
    "name": "Molly Tucker",
    "age": 25
  }
},
{
  "model": "bookstore.author",
  "pk": 179,
  "fields": {
    "name": "Elizabeth Hernandez",
    "age": 54
  }
},
{
  "model": "bookstore.author",
  "pk": 180,
  "fields": {
    "name": "Joseph Robinson",
    "age": 71
  }
},
{
  "model": "bookstore.publisher",
  "pk": 172,
  "fields": {
    "name": "Erickson, Grant and Peterson"
  }
},
{
  "model": "bookstore.publisher",
  "pk": 173,
  "fields": {
    "name": "Barber-Campbell"
  }
},
{
  "model": "bookstore.publisher",
  "pk": 174,
  "fields": {
    "name": "Graham Group"
  }
},
{
  "model": "bookstore.publisher",
  "pk": 175,
  "fields": {
    "name": "Mitchell-Murphy"
  }
},
{
  "model": "bookstore.publisher",
  "pk": 176,
  "fields": {
    "name": "Molina-Snyder"
  }
},
{
  "model": "bookstore.publisher",
  "pk": 177,
  "fields": {
    "name": "Morales-Hernandez"
  }
},
{
  "model": "bookstore.publisher",
  "pk": 178,
  "fields": {
    "name": "Shaw-Diaz"
  }
},
{
  "model": "bookstore.publisher",
  "pk": 179,
  "fields": {
    "name": "Green Group"
  }
},
{
  "model": "bookstore.publisher",
  "pk": 180,
  "fields": {
    "name": "Lozano, Ellis and Clark"
  }
},
{
  "model": "bookstore.publisher",
  "pk": 181,
  "fields": {
    "name": "Yoder-Fritz"
  }
},
{
  "model": "bookstore.book",
  "pk": 3125,
  "fields": {
    "name": "Service tell.",
    "pages": 147,
    "price": "166.90",
    "rating": 4.0,
    "publisher": 172,
    "pubdate": "2021-06-30",
    "authors": [
      171,
      172,
      173,
      174,
      175,
      176,
      177,
      178,
      179,
      180
    ]
  }
},
{
  "model": "bookstore.book",
  "pk": 3126,
  "fields": {
    "name": "Investment three raise.",
    "pages": 221,
    "price": "153.30",
    "rating": 8.0,
    "publisher": 172,
    "pubdate": "2021-06-30",
    "authors": [
      175,
      180
    ]
  }
},
{
  "model": "bookstore.book",
  "pk": 3127,
  "fields": {
    "name": "Change give training.",
    "pages": 132,
    "price": "112.70",
    "rating": 1.0,
    "publisher": 172,
    "pubdate": "2021-06-30",
    "authors": [
      171,
      175
    ]
  }
},
{
  "model": "bookstore.book",
  "pk": 3128,
  "fields": {
    "name": "Adult citizen sound.",
    "pages": 88,
    "price": "247.30",
    "rating": 2.0,
    "publisher": 172,
    "pubdate": "2021-06-30",
    "authors": [
      171,
      174,
      180
    ]
  }
},
{
  "model": "bookstore.book",
  "pk": 3129,
  "fields": {
    "name": "Old chance meeting seek.",
    "pages": 231,
    "price": "200.00",
    "rating": 10.0,
    "publisher": 172,
    "pubdate": "2021-06-30",
    "authors": [
      178
    ]
  }
},
{
  "model": "bookstore.book",
  "pk": 3130,
  "fields": {
    "name": "Nearly machine serious.",
    "pages": 128,
    "price": "144.70",
    "rating": 8.0,
    "publisher": 172,
    "pubdate": "2021-06-30",
    "authors": [
      171,
      173,
      174,
      176,
      177,
      178,
      179,
      180
    ]
  }
},
{
  "model": "bookstore.book",
  "pk": 3131,
  "fields": {
    "name": "Who war.",
    "pages": 253,
    "price": "38.30",
    "rating": 9.0,
    "publisher": 172,
    "pubdate": "2021-06-30",
    "authors": [
      171,
      172,
      173,
      175,
      176,
      177,
      178,
      179,
      180
    ]
  }
},
{
  "model": "bookstore.book",
  "pk": 3132,
  "fields": {
    "name": "Man education family.",
    "pages": 86,
    "price": "48.60",
    "rating": 4.0,
    "publisher": 172,
    "pubdate": "2021-06-30",
    "authors": [
      171,
      174,
      179
    ]
  }
},
{
  "model": "bookstore.book",
  "pk": 3133,
  "fields": {
    "name": "Station.",
    "pages": 277,
    "price": "108.70",
    "rating": 3.0,
    "publisher": 172,
    "pubdate": "2021-06-30",
    "authors": [
      171,
      172,
      173,
      174,
      175,
      176,
      177,
      179
    ]
  }
},
{
  "model": "bookstore.book",
  "pk": 3134,
  "fields": {
    "name": "Protect leave.",
    "pages": 285,
    "price": "283.20",
    "rating": 7.0,
    "publisher": 172,
    "pubdate": "2021-06-30",
    "authors": [
      171,
      172,
      174,
      176,
      177,
      179,
      180
    ]
  }
},
{
  "model": "bookstore.book",
  "pk": 3135,
  "fields": {
    "name": "Democratic from artist.",
    "pages": 152,
    "price": "243.30",
    "rating": 1.0,
    "publisher": 172,
    "pubdate": "2021-06-30",
    "authors": [
      171,
      172,
      177,
      179,
      180
    ]
  }
},
{
  "model": "bookstore.book",
  "pk": 3136,
  "fields": {
    "name": "General tend.",
    "pages": 110,
    "price": "162.70",
    "rating": 1.0,
    "publisher": 172,
    "pubdate": "2021-06-30",
    "authors": [
      177
    ]
  }
},
{
  "model": "bookstore.book",
  "pk": 3137,
  "fields": {
    "name": "Question fund somebody.",
    "pages": 270,
    "price": "260.30",
    "rating": 9.0,
    "publisher": 172,
    "pubdate": "2021-06-30",
    "authors": [
      171,
      172,
      173,
      174,
      175,
      176,
      177,
      178,
      179,
      180
    ]
  }
},
{
  "model": "bookstore.book",
  "pk": 3138,
  "fields": {
    "name": "Spring forward able.",
    "pages": 153,
    "price": "46.60",
    "rating": 9.0,
    "publisher": 172,
    "pubdate": "2021-06-30",
    "authors": [
      173,
      176,
      177,
      178,
      179,
      180
    ]
  }
},
{
  "model": "bookstore.book",
  "pk": 3139,
  "fields": {
    "name": "Production stand.",
    "pages": 35,
    "price": "32.90",
    "rating": 4.0,
    "publisher": 172,
    "pubdate": "2021-06-30",
    "authors": [
      171,
      172,
      173,
      174,
      176,
      177,
      179
    ]
  }
},
{
  "model": "bookstore.book",
  "pk": 3140,
  "fields": {
    "name": "Material recent.",
    "pages": 191,
    "price": "58.10",
    "rating": 2.0,
    "publisher": 172,
    "pubdate": "2021-06-30",
    "authors": [
      171,
      172,
      173,
      177,
      179,
      180
    ]
  }
},
{
  "model": "bookstore.book",
  "pk": 3141,
  "fields": {
    "name": "Money interview report.",
    "pages": 81,
    "price": "103.20",
    "rating": 5.0,
    "publisher": 172,
    "pubdate": "2021-06-30",
    "authors": [
      171,
      173,
      175,
      176,
      177,
      178,
      179
    ]
  }
},
{
  "model": "bookstore.book",
  "pk": 3142,
  "fields": {
    "name": "Include course.",
    "pages": 181,
    "price": "255.80",
    "rating": 1.0,
    "publisher": 172,
    "pubdate": "2021-06-30",
    "authors": [
      171,
      177
    ]
  }
},
{
  "model": "bookstore.book",
  "pk": 3143,
  "fields": {
    "name": "Meeting right rock.",
    "pages": 46,
    "price": "170.20",
    "rating": 8.0,
    "publisher": 172,
    "pubdate": "2021-06-30",
    "authors": [
      171,
      172,
      173,
      174,
      175,
      176,
      178,
      179,
      180
    ]
  }
},
{
  "model": "bookstore.book",
  "pk": 3144,
  "fields": {
    "name": "Bad fact probably.",
    "pages": 257,
    "price": "168.80",
    "rating": 8.0,
    "publisher": 172,
    "pubdate": "2021-06-30",
    "authors": [
      177,
      179,
      180
    ]
  }
},
{
  "model": "bookstore.book",
  "pk": 3145,
  "fields": {
    "name": "Pm standard.",
    "pages": 141,
    "price": "241.00",
    "rating": 7.0,
    "publisher": 173,
    "pubdate": "2021-06-30",
    "authors": [
      171,
      172,
      173,
      174,
      177,
      178,
      179,
      180
    ]
  }
},
{
  "model": "bookstore.book",
  "pk": 3146,
  "fields": {
    "name": "Meet detail.",
    "pages": 60,
    "price": "243.10",
    "rating": 9.0,
    "publisher": 173,
    "pubdate": "2021-06-30",
    "authors": [
      171,
      172,
      173,
      174,
      175,
      176,
      177,
      178,
      179,
      180
    ]
  }
},
{
  "model": "bookstore.book",
  "pk": 3147,
  "fields": {
    "name": "Exist everybody only.",
    "pages": 283,
    "price": "93.10",
    "rating": 10.0,
    "publisher": 173,
    "pubdate": "2021-06-30",
    "authors": [
      172,
      173,
      177,
      178,
      179
    ]
  }
},
{
  "model": "bookstore.book",
  "pk": 3148,
  "fields": {
    "name": "Father threat public.",
    "pages": 158,
    "price": "129.80",
    "rating": 3.0,
    "publisher": 173,
    "pubdate": "2021-06-30",
    "authors": [
      171,
      172,
      173,
      174,
      176,
      177,
      178,
      179
    ]
  }
},
{
  "model": "bookstore.book",
  "pk": 3149,
  "fields": {
    "name": "Common direction.",
    "pages": 97,
    "price": "248.10",
    "rating": 5.0,
    "publisher": 173,
    "pubdate": "2021-06-30",
    "authors": [
      171,
      172,
      173,
      174,
      175,
      176,
      177,
      180
    ]
  }
},
{
  "model": "bookstore.book",
  "pk": 3150,
  "fields": {
    "name": "Draw in pull.",
    "pages": 239,
    "price": "150.60",
    "rating": 6.0,
    "publisher": 173,
    "pubdate": "2021-06-30",
    "authors": [
      172,
      180
    ]
  }
},
{
  "model": "bookstore.book",
  "pk": 3151,
  "fields": {
    "name": "Two building run.",
    "pages": 198,
    "price": "32.40",
    "rating": 8.0,
    "publisher": 173,
    "pubdate": "2021-06-30",
    "authors": [
      171,
      174,
      176,
      179
    ]
  }
},
{
  "model": "bookstore.book",
  "pk": 3152,
  "fields": {
    "name": "Star newspaper.",
    "pages": 157,
    "price": "195.40",
    "rating": 2.0,
    "publisher": 173,
    "pubdate": "2021-06-30",
    "authors": [
      171,
      172,
      173,
      174,
      175,
      176,
      177,
      178,
      179,
      180
    ]
  }
},
{
  "model": "bookstore.book",
  "pk": 3153,
  "fields": {
    "name": "Article interest near.",
    "pages": 171,
    "price": "122.10",
    "rating": 6.0,
    "publisher": 173,
    "pubdate": "2021-06-30",
    "authors": [
      171,
      173,
      174,
      175,
      176,
      177,
      178,
      179,
      180
    ]
  }
},
{
  "model": "bookstore.book",
  "pk": 3154,
  "fields": {
    "name": "Radio century growth.",
    "pages": 258,
    "price": "140.80",
    "rating": 7.0,
    "publisher": 173,
    "pubdate": "2021-06-30",
    "authors": [
      171,
      175,
      176,
      178,
      179,
      180
    ]
  }
},
{
  "model": "bookstore.book",
  "pk": 3155,
  "fields": {
    "name": "Lot their trial.",
    "pages": 272,
    "price": "20.80",
    "rating": 9.0,
    "publisher": 173,
    "pubdate": "2021-06-30",
    "authors": [
      172,
      174,
      175,
      176,
      177,
      179,
      180
    ]
  }
},
{
  "model": "bookstore.book",
  "pk": 3156,
  "fields": {
    "name": "Think product group.",
    "pages": 163,
    "price": "176.10",
    "rating": 4.0,
    "publisher": 173,
    "pubdate": "2021-06-30",
    "authors": [
      174
    ]
  }
},
{
  "model": "bookstore.book",
  "pk": 3157,
  "fields": {
    "name": "Success say may.",
    "pages": 160,
    "price": "285.60",
    "rating": 8.0,
    "publisher": 173,
    "pubdate": "2021-06-30",
    "authors": [
      174,
      175,
      176,
      178,
      180
    ]
  }
},
{
  "model": "bookstore.book",
  "pk": 3158,
  "fields": {
    "name": "Onto floor type.",
    "pages": 84,
    "price": "197.60",
    "rating": 2.0,
    "publisher": 173,
    "pubdate": "2021-06-30",
    "authors": [
      171,
      172,
      173,
      174,
      175,
      177,
      178,
      180
    ]
  }
},
{
  "model": "bookstore.book",
  "pk": 3159,
  "fields": {
    "name": "Much series relate.",
    "pages": 63,
    "price": "83.50",
    "rating": 10.0,
    "publisher": 173,
    "pubdate": "2021-06-30",
    "authors": [
      171,
      172,
      173,
      174,
      175,
      176,
      177,
      178,
      179,
      180
    ]
  }
},
{
  "model": "bookstore.book",
  "pk": 3160,
  "fields": {
    "name": "Late else argue.",
    "pages": 298,
    "price": "100.90",
    "rating": 3.0,
    "publisher": 173,
    "pubdate": "2021-06-30",
    "authors": [
      171,
      172,
      173,
      174,
      175,
      176,
      177,
      178,
      179,
      180
    ]
  }
},
{
  "model": "bookstore.book",
  "pk": 3161,
  "fields": {
    "name": "Nation run.",
    "pages": 75,
    "price": "289.70",
    "rating": 1.0,
    "publisher": 173,
    "pubdate": "2021-06-30",
    "authors": [
      171,
      172,
      173,
      174,
      175,
      176,
      177,
      178,
      179,
      180
    ]
  }
},
{
  "model": "bookstore.book",
  "pk": 3162,
  "fields": {
    "name": "Assume evening later.",
    "pages": 77,
    "price": "171.00",
    "rating": 9.0,
    "publisher": 173,
    "pubdate": "2021-06-30",
    "authors": [
      171,
      173,
      175,
      177,
      180
    ]
  }
},
{
  "model": "bookstore.book",
  "pk": 3163,
  "fields": {
    "name": "Appear author now.",
    "pages": 235,
    "price": "229.10",
    "rating": 4.0,
    "publisher": 173,
    "pubdate": "2021-06-30",
    "authors": [
      174,
      177,
      178,
      179
    ]
  }
},
{
  "model": "bookstore.book",
  "pk": 3164,
  "fields": {
    "name": "Paper ask among.",
    "pages": 54,
    "price": "111.20",
    "rating": 10.0,
    "publisher": 173,
    "pubdate": "2021-06-30",
    "authors": [
      171,
      172,
      173,
      175,
      176,
      178,
      179,
      180
    ]
  }
},
{
  "model": "bookstore.book",
  "pk": 3165,
  "fields": {
    "name": "Total media.",
    "pages": 136,
    "price": "226.80",
    "rating": 3.0,
    "publisher": 174,
    "pubdate": "2021-06-30",
    "authors": [
      175,
      179
    ]
  }
},
{
  "model": "bookstore.book",
  "pk": 3166,
  "fields": {
    "name": "Level close else.",
    "pages": 60,
    "price": "216.00",
    "rating": 3.0,
    "publisher": 174,
    "pubdate": "2021-06-30",
    "authors": [
      171,
      172,
      173,
      175,
      176,
      177,
      178,
      179,
      180
    ]
  }
},
{
  "model": "bookstore.book",
  "pk": 3167,
  "fields": {
    "name": "Reduce candidate.",
    "pages": 246,
    "price": "50.10",
    "rating": 3.0,
    "publisher": 174,
    "pubdate": "2021-06-30",
    "authors": [
      171,
      172,
      173,
      174,
      175,
      176,
      177,
      178,
      179,
      180
    ]
  }
},
{
  "model": "bookstore.book",
  "pk": 3168,
  "fields": {
    "name": "Personal remain.",
    "pages": 35,
    "price": "169.50",
    "rating": 3.0,
    "publisher": 174,
    "pubdate": "2021-06-30",
    "authors": [
      171,
      174,
      175,
      176,
      177,
      178,
      179,
      180
    ]
  }
},
{
  "model": "bookstore.book",
  "pk": 3169,
  "fields": {
    "name": "More.",
    "pages": 159,
    "price": "154.90",
    "rating": 9.0,
    "publisher": 174,
    "pubdate": "2021-06-30",
    "authors": [
      171,
      172,
      174,
      175,
      177,
      178,
      180
    ]
  }
},
{
  "model": "bookstore.book",
  "pk": 3170,
  "fields": {
    "name": "Mother year old.",
    "pages": 33,
    "price": "64.50",
    "rating": 7.0,
    "publisher": 174,
    "pubdate": "2021-06-30",
    "authors": [
      172,
      173,
      177
    ]
  }
},
{
  "model": "bookstore.book",
  "pk": 3171,
  "fields": {
    "name": "Unit scene.",
    "pages": 127,
    "price": "179.50",
    "rating": 8.0,
    "publisher": 174,
    "pubdate": "2021-06-30",
    "authors": [
      171,
      172,
      173,
      174,
      175,
      177,
      178,
      179,
      180
    ]
  }
},
{
  "model": "bookstore.book",
  "pk": 3172,
  "fields": {
    "name": "Feel guy want.",
    "pages": 242,
    "price": "76.00",
    "rating": 10.0,
    "publisher": 174,
    "pubdate": "2021-06-30",
    "authors": [
      173,
      174,
      175,
      177,
      178,
      180
    ]
  }
},
{
  "model": "bookstore.book",
  "pk": 3173,
  "fields": {
    "name": "Pick.",
    "pages": 258,
    "price": "81.30",
    "rating": 10.0,
    "publisher": 174,
    "pubdate": "2021-06-30",
    "authors": [
      171,
      172,
      173,
      177,
      178,
      179,
      180
    ]
  }
},
{
  "model": "bookstore.book",
  "pk": 3174,
  "fields": {
    "name": "Than research.",
    "pages": 80,
    "price": "182.40",
    "rating": 7.0,
    "publisher": 174,
    "pubdate": "2021-06-30",
    "authors": [
      175,
      176,
      180
    ]
  }
},
{
  "model": "bookstore.book",
  "pk": 3175,
  "fields": {
    "name": "Sing something child.",
    "pages": 163,
    "price": "128.10",
    "rating": 9.0,
    "publisher": 174,
    "pubdate": "2021-06-30",
    "authors": [
      173,
      174,
      177,
      178
    ]
  }
},
{
  "model": "bookstore.book",
  "pk": 3176,
  "fields": {
    "name": "Week fund today.",
    "pages": 132,
    "price": "207.00",
    "rating": 8.0,
    "publisher": 174,
    "pubdate": "2021-06-30",
    "authors": [
      172,
      174,
      176,
      177,
      178,
      179
    ]
  }
},
{
  "model": "bookstore.book",
  "pk": 3177,
  "fields": {
    "name": "Usually development public.",
    "pages": 234,
    "price": "95.10",
    "rating": 3.0,
    "publisher": 174,
    "pubdate": "2021-06-30",
    "authors": [
      171,
      172,
      173,
      174,
      176,
      177,
      180
    ]
  }
},
{
  "model": "bookstore.book",
  "pk": 3178,
  "fields": {
    "name": "But table heavy.",
    "pages": 191,
    "price": "187.00",
    "rating": 1.0,
    "publisher": 174,
    "pubdate": "2021-06-30",
    "authors": [
      171,
      172,
      173,
      174,
      175,
      176,
      177,
      178,
      179,
      180
    ]
  }
},
{
  "model": "bookstore.book",
  "pk": 3179,
  "fields": {
    "name": "Story up.",
    "pages": 204,
    "price": "102.40",
    "rating": 9.0,
    "publisher": 174,
    "pubdate": "2021-06-30",
    "authors": [
      171,
      172,
      173,
      174,
      177,
      178,
      179,
      180
    ]
  }
},
{
  "model": "bookstore.book",
  "pk": 3180,
  "fields": {
    "name": "Help rule way again.",
    "pages": 196,
    "price": "82.40",
    "rating": 6.0,
    "publisher": 174,
    "pubdate": "2021-06-30",
    "authors": [
      171,
      172,
      173,
      174,
      175,
      176,
      177,
      179,
      180
    ]
  }
},
{
  "model": "bookstore.book",
  "pk": 3181,
  "fields": {
    "name": "Country.",
    "pages": 232,
    "price": "222.70",
    "rating": 8.0,
    "publisher": 174,
    "pubdate": "2021-06-30",
    "authors": [
      171,
      177
    ]
  }
},
{
  "model": "bookstore.book",
  "pk": 3182,
  "fields": {
    "name": "Hear marriage.",
    "pages": 256,
    "price": "292.40",
    "rating": 4.0,
    "publisher": 174,
    "pubdate": "2021-06-30",
    "authors": [
      171,
      177,
      179
    ]
  }
},
{
  "model": "bookstore.book",
  "pk": 3183,
  "fields": {
    "name": "Ready seek ever boy.",
    "pages": 265,
    "price": "139.60",
    "rating": 9.0,
    "publisher": 174,
    "pubdate": "2021-06-30",
    "authors": [
      171,
      172,
      173,
      174,
      175,
      176,
      178,
      180
    ]
  }
},
{
  "model": "bookstore.book",
  "pk": 3184,
  "fields": {
    "name": "In town.",
    "pages": 205,
    "price": "121.70",
    "rating": 6.0,
    "publisher": 174,
    "pubdate": "2021-06-30",
    "authors": [
      172,
      173,
      174,
      178,
      179,
      180
    ]
  }
},
{
  "model": "bookstore.book",
  "pk": 3185,
  "fields": {
    "name": "Event scientist.",
    "pages": 85,
    "price": "87.20",
    "rating": 7.0,
    "publisher": 175,
    "pubdate": "2021-06-30",
    "authors": [
      172,
      173,
      176,
      179
    ]
  }
},
{
  "model": "bookstore.book",
  "pk": 3186,
  "fields": {
    "name": "Kid central let.",
    "pages": 275,
    "price": "100.90",
    "rating": 4.0,
    "publisher": 175,
    "pubdate": "2021-06-30",
    "authors": [
      171,
      172,
      173,
      175,
      176,
      177,
      178,
      180
    ]
  }
},
{
  "model": "bookstore.book",
  "pk": 3187,
  "fields": {
    "name": "Year join actually.",
    "pages": 76,
    "price": "280.60",
    "rating": 4.0,
    "publisher": 175,
    "pubdate": "2021-06-30",
    "authors": [
      171,
      172,
      173,
      174,
      175,
      176,
      177,
      178,
      179,
      180
    ]
  }
},
{
  "model": "bookstore.book",
  "pk": 3188,
  "fields": {
    "name": "Work his.",
    "pages": 143,
    "price": "190.40",
    "rating": 4.0,
    "publisher": 175,
    "pubdate": "2021-06-30",
    "authors": [
      171,
      172,
      173,
      174,
      175,
      176,
      177,
      178,
      179,
      180
    ]
  }
},
{
  "model": "bookstore.book",
  "pk": 3189,
  "fields": {
    "name": "Even professor Mr.",
    "pages": 181,
    "price": "104.70",
    "rating": 7.0,
    "publisher": 175,
    "pubdate": "2021-06-30",
    "authors": [
      171,
      174,
      175,
      177
    ]
  }
},
{
  "model": "bookstore.book",
  "pk": 3190,
  "fields": {
    "name": "Key.",
    "pages": 177,
    "price": "285.30",
    "rating": 8.0,
    "publisher": 175,
    "pubdate": "2021-06-30",
    "authors": [
      172,
      173,
      174,
      175,
      176,
      177,
      178,
      179,
      180
    ]
  }
},
{
  "model": "bookstore.book",
  "pk": 3191,
  "fields": {
    "name": "Never along.",
    "pages": 214,
    "price": "89.40",
    "rating": 1.0,
    "publisher": 175,
    "pubdate": "2021-06-30",
    "authors": [
      174,
      175,
      177,
      178,
      179,
      180
    ]
  }
},
{
  "model": "bookstore.book",
  "pk": 3192,
  "fields": {
    "name": "Standard test.",
    "pages": 192,
    "price": "180.90",
    "rating": 2.0,
    "publisher": 175,
    "pubdate": "2021-06-30",
    "authors": [
      171,
      172,
      173,
      175,
      177,
      179,
      180
    ]
  }
},
{
  "model": "bookstore.book",
  "pk": 3193,
  "fields": {
    "name": "Remember their.",
    "pages": 78,
    "price": "246.20",
    "rating": 3.0,
    "publisher": 175,
    "pubdate": "2021-06-30",
    "authors": [
      171,
      173,
      175,
      176,
      180
    ]
  }
},
{
  "model": "bookstore.book",
  "pk": 3194,
  "fields": {
    "name": "Health international.",
    "pages": 124,
    "price": "75.40",
    "rating": 3.0,
    "publisher": 175,
    "pubdate": "2021-06-30",
    "authors": [
      171,
      172,
      173,
      174,
      176,
      177,
      178,
      179,
      180
    ]
  }
},
{
  "model": "bookstore.book",
  "pk": 3195,
  "fields": {
    "name": "Its end financial.",
    "pages": 205,
    "price": "133.40",
    "rating": 8.0,
    "publisher": 175,
    "pubdate": "2021-06-30",
    "authors": [
      171,
      172,
      173,
      174,
      176,
      177,
      178,
      179,
      180
    ]
  }
},
{
  "model": "bookstore.book",
  "pk": 3196,
  "fields": {
    "name": "Level practice authority.",
    "pages": 173,
    "price": "250.90",
    "rating": 7.0,
    "publisher": 175,
    "pubdate": "2021-06-30",
    "authors": [
      171,
      172,
      174,
      175,
      176,
      178,
      179,
      180
    ]
  }
},
{
  "model": "bookstore.book",
  "pk": 3197,
  "fields": {
    "name": "American war practice.",
    "pages": 195,
    "price": "288.90",
    "rating": 3.0,
    "publisher": 175,
    "pubdate": "2021-06-30",
    "authors": [
      171,
      172,
      175,
      176,
      179,
      180
    ]
  }
},
{
  "model": "bookstore.book",
  "pk": 3198,
  "fields": {
    "name": "Science entire.",
    "pages": 187,
    "price": "199.10",
    "rating": 6.0,
    "publisher": 175,
    "pubdate": "2021-06-30",
    "authors": [
      171,
      172,
      173,
      177,
      179,
      180
    ]
  }
},
{
  "model": "bookstore.book",
  "pk": 3199,
  "fields": {
    "name": "Strong future.",
    "pages": 135,
    "price": "79.90",
    "rating": 10.0,
    "publisher": 175,
    "pubdate": "2021-06-30",
    "authors": [
      176,
      178,
      180
    ]
  }
},
{
  "model": "bookstore.book",
  "pk": 3200,
  "fields": {
    "name": "Million at defense.",
    "pages": 133,
    "price": "176.00",
    "rating": 3.0,
    "publisher": 175,
    "pubdate": "2021-06-30",
    "authors": [
      171,
      172,
      173,
      174,
      175,
      176,
      177,
      178,
      179,
      180
    ]
  }
},
{
  "model": "bookstore.book",
  "pk": 3201,
  "fields": {
    "name": "Total nor.",
    "pages": 161,
    "price": "147.10",
    "rating": 7.0,
    "publisher": 175,
    "pubdate": "2021-06-30",
    "authors": [
      171,
      172
    ]
  }
},
{
  "model": "bookstore.book",
  "pk": 3202,
  "fields": {
    "name": "Run.",
    "pages": 26,
    "price": "121.70",
    "rating": 8.0,
    "publisher": 175,
    "pubdate": "2021-06-30",
    "authors": [
      173,
      174,
      175,
      176,
      177,
      178,
      179,
      180
    ]
  }
},
{
  "model": "bookstore.book",
  "pk": 3203,
  "fields": {
    "name": "Western national any where.",
    "pages": 233,
    "price": "271.10",
    "rating": 7.0,
    "publisher": 175,
    "pubdate": "2021-06-30",
    "authors": [
      171,
      172,
      173,
      174,
      175,
      176,
      178,
      179,
      180
    ]
  }
},
{
  "model": "bookstore.book",
  "pk": 3204,
  "fields": {
    "name": "Plant return phone.",
    "pages": 188,
    "price": "273.50",
    "rating": 6.0,
    "publisher": 175,
    "pubdate": "2021-06-30",
    "authors": [
      171,
      172,
      173,
      174,
      175,
      176,
      179
    ]
  }
},
{
  "model": "bookstore.book",
  "pk": 3205,
  "fields": {
    "name": "Traditional student.",
    "pages": 185,
    "price": "290.40",
    "rating": 4.0,
    "publisher": 176,
    "pubdate": "2021-06-30",
    "authors": [
      171,
      172,
      173,
      174,
      175,
      176,
      177,
      178,
      179,
      180
    ]
  }
},
{
  "model": "bookstore.book",
  "pk": 3206,
  "fields": {
    "name": "Class hundred reality.",
    "pages": 171,
    "price": "51.50",
    "rating": 6.0,
    "publisher": 176,
    "pubdate": "2021-06-30",
    "authors": [
      171,
      174,
      175,
      176,
      177,
      179,
      180
    ]
  }
},
{
  "model": "bookstore.book",
  "pk": 3207,
  "fields": {
    "name": "Environmental condition.",
    "pages": 170,
    "price": "163.30",
    "rating": 5.0,
    "publisher": 176,
    "pubdate": "2021-06-30",
    "authors": [
      171,
      172,
      173,
      174,
      175,
      176,
      177,
      178,
      179,
      180
    ]
  }
},
{
  "model": "bookstore.book",
  "pk": 3208,
  "fields": {
    "name": "Boy easy letter.",
    "pages": 102,
    "price": "142.40",
    "rating": 7.0,
    "publisher": 176,
    "pubdate": "2021-06-30",
    "authors": [
      177
    ]
  }
},
{
  "model": "bookstore.book",
  "pk": 3209,
  "fields": {
    "name": "Clearly amount.",
    "pages": 261,
    "price": "50.90",
    "rating": 1.0,
    "publisher": 176,
    "pubdate": "2021-06-30",
    "authors": [
      171,
      172,
      174,
      175,
      176,
      177,
      178,
      179,
      180
    ]
  }
},
{
  "model": "bookstore.book",
  "pk": 3210,
  "fields": {
    "name": "Run.",
    "pages": 70,
    "price": "22.10",
    "rating": 10.0,
    "publisher": 176,
    "pubdate": "2021-06-30",
    "authors": [
      171,
      173,
      174,
      178
    ]
  }
},
{
  "model": "bookstore.book",
  "pk": 3211,
  "fields": {
    "name": "Time become.",
    "pages": 237,
    "price": "191.40",
    "rating": 5.0,
    "publisher": 176,
    "pubdate": "2021-06-30",
    "authors": [
      175,
      177,
      178
    ]
  }
},
{
  "model": "bookstore.book",
  "pk": 3212,
  "fields": {
    "name": "Manager hour.",
    "pages": 239,
    "price": "294.00",
    "rating": 8.0,
    "publisher": 176,
    "pubdate": "2021-06-30",
    "authors": [
      172,
      173,
      174,
      175,
      176,
      177,
      178,
      180
    ]
  }
},
{
  "model": "bookstore.book",
  "pk": 3213,
  "fields": {
    "name": "Financial or time board.",
    "pages": 295,
    "price": "276.60",
    "rating": 5.0,
    "publisher": 176,
    "pubdate": "2021-06-30",
    "authors": [
      171,
      180
    ]
  }
},
{
  "model": "bookstore.book",
  "pk": 3214,
  "fields": {
    "name": "Fact lead.",
    "pages": 279,
    "price": "43.30",
    "rating": 3.0,
    "publisher": 176,
    "pubdate": "2021-06-30",
    "authors": [
      171,
      172,
      180
    ]
  }
},
{
  "model": "bookstore.book",
  "pk": 3215,
  "fields": {
    "name": "Develop camera box.",
    "pages": 31,
    "price": "38.70",
    "rating": 2.0,
    "publisher": 176,
    "pubdate": "2021-06-30",
    "authors": [
      171,
      172,
      173,
      174,
      175,
      176,
      177,
      178,
      179,
      180
    ]
  }
},
{
  "model": "bookstore.book",
  "pk": 3216,
  "fields": {
    "name": "Stage impact.",
    "pages": 231,
    "price": "287.50",
    "rating": 3.0,
    "publisher": 176,
    "pubdate": "2021-06-30",
    "authors": [
      171,
      172,
      173,
      175,
      177
    ]
  }
},
{
  "model": "bookstore.book",
  "pk": 3217,
  "fields": {
    "name": "Young.",
    "pages": 264,
    "price": "158.80",
    "rating": 9.0,
    "publisher": 176,
    "pubdate": "2021-06-30",
    "authors": [
      171,
      172,
      173,
      174,
      175,
      176,
      177,
      178,
      180
    ]
  }
},
{
  "model": "bookstore.book",
  "pk": 3218,
  "fields": {
    "name": "Television ten.",
    "pages": 171,
    "price": "258.00",
    "rating": 9.0,
    "publisher": 176,
    "pubdate": "2021-06-30",
    "authors": [
      171,
      173,
      175,
      177,
      178,
      180
    ]
  }
},
{
  "model": "bookstore.book",
  "pk": 3219,
  "fields": {
    "name": "Suddenly social world.",
    "pages": 39,
    "price": "234.20",
    "rating": 9.0,
    "publisher": 176,
    "pubdate": "2021-06-30",
    "authors": [
      171,
      172,
      173,
      174,
      175,
      176,
      177,
      179,
      180
    ]
  }
},
{
  "model": "bookstore.book",
  "pk": 3220,
  "fields": {
    "name": "Right everything audience.",
    "pages": 181,
    "price": "238.80",
    "rating": 8.0,
    "publisher": 176,
    "pubdate": "2021-06-30",
    "authors": [
      173
    ]
  }
},
{
  "model": "bookstore.book",
  "pk": 3221,
  "fields": {
    "name": "Top year able.",
    "pages": 222,
    "price": "176.40",
    "rating": 7.0,
    "publisher": 176,
    "pubdate": "2021-06-30",
    "authors": [
      171,
      173,
      174,
      176,
      178,
      180
    ]
  }
},
{
  "model": "bookstore.book",
  "pk": 3222,
  "fields": {
    "name": "Term herself hotel.",
    "pages": 200,
    "price": "55.30",
    "rating": 7.0,
    "publisher": 176,
    "pubdate": "2021-06-30",
    "authors": [
      171,
      172,
      173,
      174,
      175,
      176,
      177,
      178,
      179,
      180
    ]
  }
},
{
  "model": "bookstore.book",
  "pk": 3223,
  "fields": {
    "name": "Put future team.",
    "pages": 154,
    "price": "289.10",
    "rating": 5.0,
    "publisher": 176,
    "pubdate": "2021-06-30",
    "authors": [
      175,
      176
    ]
  }
},
{
  "model": "bookstore.book",
  "pk": 3224,
  "fields": {
    "name": "Direction fund along.",
    "pages": 143,
    "price": "142.60",
    "rating": 4.0,
    "publisher": 176,
    "pubdate": "2021-06-30",
    "authors": [
      172,
      173,
      174,
      176,
      177,
      178,
      180
    ]
  }
},
{
  "model": "bookstore.book",
  "pk": 3225,
  "fields": {
    "name": "Arm last possible fire.",
    "pages": 187,
    "price": "250.00",
    "rating": 9.0,
    "publisher": 177,
    "pubdate": "2021-06-30",
    "authors": [
      171,
      172,
      173,
      174,
      175,
      177,
      178,
      179,
      180
    ]
  }
},
{
  "model": "bookstore.book",
  "pk": 3226,
  "fields": {
    "name": "Nature such early.",
    "pages": 198,
    "price": "169.40",
    "rating": 1.0,
    "publisher": 177,
    "pubdate": "2021-06-30",
    "authors": [
      172,
      174,
      175,
      176,
      177,
      178,
      180
    ]
  }
},
{
  "model": "bookstore.book",
  "pk": 3227,
  "fields": {
    "name": "Security quickly.",
    "pages": 151,
    "price": "74.90",
    "rating": 5.0,
    "publisher": 177,
    "pubdate": "2021-06-30",
    "authors": [
      171,
      172,
      173,
      174,
      175,
      176,
      177,
      178
    ]
  }
},
{
  "model": "bookstore.book",
  "pk": 3228,
  "fields": {
    "name": "Current theory mind talk.",
    "pages": 89,
    "price": "77.70",
    "rating": 7.0,
    "publisher": 177,
    "pubdate": "2021-06-30",
    "authors": [
      171,
      172,
      173,
      174,
      175,
      176,
      177,
      178,
      179
    ]
  }
},
{
  "model": "bookstore.book",
  "pk": 3229,
  "fields": {
    "name": "Maintain.",
    "pages": 163,
    "price": "296.70",
    "rating": 7.0,
    "publisher": 177,
    "pubdate": "2021-06-30",
    "authors": [
      173,
      174,
      175,
      176,
      177,
      178,
      179
    ]
  }
},
{
  "model": "bookstore.book",
  "pk": 3230,
  "fields": {
    "name": "Reduce information finish.",
    "pages": 147,
    "price": "219.40",
    "rating": 8.0,
    "publisher": 177,
    "pubdate": "2021-06-30",
    "authors": [
      171,
      172,
      173,
      174,
      175,
      176,
      177,
      179
    ]
  }
},
{
  "model": "bookstore.book",
  "pk": 3231,
  "fields": {
    "name": "Whom left practice lead.",
    "pages": 86,
    "price": "289.40",
    "rating": 8.0,
    "publisher": 177,
    "pubdate": "2021-06-30",
    "authors": [
      172,
      173,
      174,
      175,
      176,
      177,
      178,
      179,
      180
    ]
  }
},
{
  "model": "bookstore.book",
  "pk": 3232,
  "fields": {
    "name": "Able attack.",
    "pages": 262,
    "price": "49.90",
    "rating": 6.0,
    "publisher": 177,
    "pubdate": "2021-06-30",
    "authors": [
      171,
      176
    ]
  }
},
{
  "model": "bookstore.book",
  "pk": 3233,
  "fields": {
    "name": "Up thank.",
    "pages": 36,
    "price": "265.30",
    "rating": 2.0,
    "publisher": 177,
    "pubdate": "2021-06-30",
    "authors": [
      171,
      174,
      175,
      176,
      177,
      178,
      180
    ]
  }
},
{
  "model": "bookstore.book",
  "pk": 3234,
  "fields": {
    "name": "Worry significant.",
    "pages": 219,
    "price": "139.60",
    "rating": 3.0,
    "publisher": 177,
    "pubdate": "2021-06-30",
    "authors": [
      175
    ]
  }
},
{
  "model": "bookstore.book",
  "pk": 3235,
  "fields": {
    "name": "Ask leader pass.",
    "pages": 159,
    "price": "168.40",
    "rating": 6.0,
    "publisher": 177,
    "pubdate": "2021-06-30",
    "authors": [
      172,
      173,
      175,
      176,
      177
    ]
  }
},
{
  "model": "bookstore.book",
  "pk": 3236,
  "fields": {
    "name": "Chance.",
    "pages": 62,
    "price": "96.70",
    "rating": 3.0,
    "publisher": 177,
    "pubdate": "2021-06-30",
    "authors": [
      171,
      172,
      177,
      178,
      179,
      180
    ]
  }
},
{
  "model": "bookstore.book",
  "pk": 3237,
  "fields": {
    "name": "Project.",
    "pages": 282,
    "price": "161.00",
    "rating": 6.0,
    "publisher": 177,
    "pubdate": "2021-06-30",
    "authors": [
      171,
      173,
      175,
      177,
      180
    ]
  }
},
{
  "model": "bookstore.book",
  "pk": 3238,
  "fields": {
    "name": "Responsibility general.",
    "pages": 104,
    "price": "194.90",
    "rating": 1.0,
    "publisher": 177,
    "pubdate": "2021-06-30",
    "authors": [
      171,
      178
    ]
  }
},
{
  "model": "bookstore.book",
  "pk": 3239,
  "fields": {
    "name": "Past remain stand.",
    "pages": 69,
    "price": "173.40",
    "rating": 6.0,
    "publisher": 177,
    "pubdate": "2021-06-30",
    "authors": [
      173,
      179,
      180
    ]
  }
},
{
  "model": "bookstore.book",
  "pk": 3240,
  "fields": {
    "name": "Or best.",
    "pages": 72,
    "price": "144.00",
    "rating": 1.0,
    "publisher": 177,
    "pubdate": "2021-06-30",
    "authors": [
      171,
      173,
      178,
      180
    ]
  }
},
{
  "model": "bookstore.book",
  "pk": 3241,
  "fields": {
    "name": "Sign lawyer exist.",
    "pages": 287,
    "price": "81.60",
    "rating": 7.0,
    "publisher": 177,
    "pubdate": "2021-06-30",
    "authors": [
      179
    ]
  }
},
{
  "model": "bookstore.book",
  "pk": 3242,
  "fields": {
    "name": "Wall small.",
    "pages": 156,
    "price": "43.90",
    "rating": 3.0,
    "publisher": 177,
    "pubdate": "2021-06-30",
    "authors": [
      171
    ]
  }
},
{
  "model": "bookstore.book",
  "pk": 3243,
  "fields": {
    "name": "Generation.",
    "pages": 249,
    "price": "218.40",
    "rating": 7.0,
    "publisher": 177,
    "pubdate": "2021-06-30",
    "authors": [
      173,
      176,
      179
    ]
  }
},
{
  "model": "bookstore.book",
  "pk": 3244,
  "fields": {
    "name": "Expert explain.",
    "pages": 99,
    "price": "161.80",
    "rating": 7.0,
    "publisher": 177,
    "pubdate": "2021-06-30",
    "authors": [
      172,
      173,
      174,
      175,
      176,
      177,
      178,
      179,
      180
    ]
  }
},
{
  "model": "bookstore.book",
  "pk": 3245,
  "fields": {
    "name": "Attention act know wrong.",
    "pages": 28,
    "price": "36.40",
    "rating": 8.0,
    "publisher": 178,
    "pubdate": "2021-06-30",
    "authors": [
      173,
      176,
      178,
      179,
      180
    ]
  }
},
{
  "model": "bookstore.book",
  "pk": 3246,
  "fields": {
    "name": "On go such.",
    "pages": 261,
    "price": "143.50",
    "rating": 6.0,
    "publisher": 178,
    "pubdate": "2021-06-30",
    "authors": [
      172,
      173,
      174,
      175,
      176,
      177,
      178,
      179,
      180
    ]
  }
},
{
  "model": "bookstore.book",
  "pk": 3247,
  "fields": {
    "name": "Short billion.",
    "pages": 153,
    "price": "119.00",
    "rating": 3.0,
    "publisher": 178,
    "pubdate": "2021-06-30",
    "authors": [
      174,
      176,
      177,
      178,
      180
    ]
  }
},
{
  "model": "bookstore.book",
  "pk": 3248,
  "fields": {
    "name": "Seem success PM.",
    "pages": 63,
    "price": "273.70",
    "rating": 9.0,
    "publisher": 178,
    "pubdate": "2021-06-30",
    "authors": [
      171,
      172,
      173,
      175,
      176,
      177,
      178,
      179,
      180
    ]
  }
},
{
  "model": "bookstore.book",
  "pk": 3249,
  "fields": {
    "name": "Agent bed.",
    "pages": 194,
    "price": "261.00",
    "rating": 3.0,
    "publisher": 178,
    "pubdate": "2021-06-30",
    "authors": [
      171,
      173,
      174,
      176,
      177,
      178,
      180
    ]
  }
},
{
  "model": "bookstore.book",
  "pk": 3250,
  "fields": {
    "name": "Per light end.",
    "pages": 74,
    "price": "222.40",
    "rating": 7.0,
    "publisher": 178,
    "pubdate": "2021-06-30",
    "authors": [
      172,
      174,
      176,
      177,
      178,
      179
    ]
  }
},
{
  "model": "bookstore.book",
  "pk": 3251,
  "fields": {
    "name": "Me probably nature change.",
    "pages": 247,
    "price": "177.00",
    "rating": 8.0,
    "publisher": 178,
    "pubdate": "2021-06-30",
    "authors": [
      180
    ]
  }
},
{
  "model": "bookstore.book",
  "pk": 3252,
  "fields": {
    "name": "Walk debate almost.",
    "pages": 58,
    "price": "207.80",
    "rating": 8.0,
    "publisher": 178,
    "pubdate": "2021-06-30",
    "authors": [
      171,
      172,
      175,
      176,
      177,
      179,
      180
    ]
  }
},
{
  "model": "bookstore.book",
  "pk": 3253,
  "fields": {
    "name": "Myself management.",
    "pages": 274,
    "price": "15.50",
    "rating": 3.0,
    "publisher": 178,
    "pubdate": "2021-06-30",
    "authors": [
      171,
      172,
      173,
      179
    ]
  }
},
{
  "model": "bookstore.book",
  "pk": 3254,
  "fields": {
    "name": "Outside.",
    "pages": 277,
    "price": "23.10",
    "rating": 10.0,
    "publisher": 178,
    "pubdate": "2021-06-30",
    "authors": [
      171,
      172,
      173,
      174,
      175,
      176,
      177,
      178,
      180
    ]
  }
},
{
  "model": "bookstore.book",
  "pk": 3255,
  "fields": {
    "name": "Culture test either.",
    "pages": 281,
    "price": "225.80",
    "rating": 9.0,
    "publisher": 178,
    "pubdate": "2021-06-30",
    "authors": [
      171,
      172,
      173,
      177,
      178,
      179
    ]
  }
},
{
  "model": "bookstore.book",
  "pk": 3256,
  "fields": {
    "name": "College.",
    "pages": 134,
    "price": "76.70",
    "rating": 2.0,
    "publisher": 178,
    "pubdate": "2021-06-30",
    "authors": [
      172,
      174,
      177,
      180
    ]
  }
},
{
  "model": "bookstore.book",
  "pk": 3257,
  "fields": {
    "name": "The tend.",
    "pages": 202,
    "price": "261.90",
    "rating": 1.0,
    "publisher": 178,
    "pubdate": "2021-06-30",
    "authors": [
      171,
      172,
      174,
      175,
      176,
      177,
      178,
      179,
      180
    ]
  }
},
{
  "model": "bookstore.book",
  "pk": 3258,
  "fields": {
    "name": "Military ready common.",
    "pages": 98,
    "price": "16.70",
    "rating": 1.0,
    "publisher": 178,
    "pubdate": "2021-06-30",
    "authors": [
      171,
      172,
      174,
      177,
      178,
      179,
      180
    ]
  }
},
{
  "model": "bookstore.book",
  "pk": 3259,
  "fields": {
    "name": "Let thus.",
    "pages": 224,
    "price": "23.80",
    "rating": 3.0,
    "publisher": 178,
    "pubdate": "2021-06-30",
    "authors": [
      171,
      172,
      173,
      174,
      175,
      178,
      179,
      180
    ]
  }
},
{
  "model": "bookstore.book",
  "pk": 3260,
  "fields": {
    "name": "Place focus.",
    "pages": 140,
    "price": "55.60",
    "rating": 4.0,
    "publisher": 178,
    "pubdate": "2021-06-30",
    "authors": [
      171,
      172,
      173,
      174,
      175,
      176,
      177,
      178,
      179,
      180
    ]
  }
},
{
  "model": "bookstore.book",
  "pk": 3261,
  "fields": {
    "name": "Hand.",
    "pages": 205,
    "price": "245.80",
    "rating": 5.0,
    "publisher": 178,
    "pubdate": "2021-06-30",
    "authors": [
      171,
      173,
      175
    ]
  }
},
{
  "model": "bookstore.book",
  "pk": 3262,
  "fields": {
    "name": "Big offer our.",
    "pages": 273,
    "price": "116.90",
    "rating": 3.0,
    "publisher": 178,
    "pubdate": "2021-06-30",
    "authors": [
      171,
      172,
      173,
      174,
      176,
      177,
      178,
      179,
      180
    ]
  }
},
{
  "model": "bookstore.book",
  "pk": 3263,
  "fields": {
    "name": "Ok hold oil drive.",
    "pages": 147,
    "price": "28.60",
    "rating": 5.0,
    "publisher": 178,
    "pubdate": "2021-06-30",
    "authors": [
      171
    ]
  }
},
{
  "model": "bookstore.book",
  "pk": 3264,
  "fields": {
    "name": "Administration while training.",
    "pages": 77,
    "price": "276.70",
    "rating": 7.0,
    "publisher": 178,
    "pubdate": "2021-06-30",
    "authors": [
      174,
      179
    ]
  }
},
{
  "model": "bookstore.book",
  "pk": 3265,
  "fields": {
    "name": "Party tough.",
    "pages": 31,
    "price": "291.00",
    "rating": 10.0,
    "publisher": 179,
    "pubdate": "2021-06-30",
    "authors": [
      173
    ]
  }
},
{
  "model": "bookstore.book",
  "pk": 3266,
  "fields": {
    "name": "Stuff personal rest.",
    "pages": 256,
    "price": "77.40",
    "rating": 7.0,
    "publisher": 179,
    "pubdate": "2021-06-30",
    "authors": [
      171,
      172,
      173,
      174,
      176,
      177,
      178,
      179,
      180
    ]
  }
},
{
  "model": "bookstore.book",
  "pk": 3267,
  "fields": {
    "name": "Writer reveal.",
    "pages": 144,
    "price": "116.00",
    "rating": 9.0,
    "publisher": 179,
    "pubdate": "2021-06-30",
    "authors": [
      174
    ]
  }
},
{
  "model": "bookstore.book",
  "pk": 3268,
  "fields": {
    "name": "Ago simple identify.",
    "pages": 248,
    "price": "103.90",
    "rating": 1.0,
    "publisher": 179,
    "pubdate": "2021-06-30",
    "authors": [
      173,
      176,
      178,
      180
    ]
  }
},
{
  "model": "bookstore.book",
  "pk": 3269,
  "fields": {
    "name": "Note attorney.",
    "pages": 126,
    "price": "286.30",
    "rating": 4.0,
    "publisher": 179,
    "pubdate": "2021-06-30",
    "authors": [
      174,
      176,
      177
    ]
  }
},
{
  "model": "bookstore.book",
  "pk": 3270,
  "fields": {
    "name": "Cell score.",
    "pages": 171,
    "price": "170.30",
    "rating": 9.0,
    "publisher": 179,
    "pubdate": "2021-06-30",
    "authors": [
      171,
      175,
      178,
      179
    ]
  }
},
{
  "model": "bookstore.book",
  "pk": 3271,
  "fields": {
    "name": "Various set world.",
    "pages": 134,
    "price": "285.70",
    "rating": 1.0,
    "publisher": 179,
    "pubdate": "2021-06-30",
    "authors": [
      171,
      172,
      173,
      174,
      176,
      177,
      178,
      179,
      180
    ]
  }
},
{
  "model": "bookstore.book",
  "pk": 3272,
  "fields": {
    "name": "Strong step.",
    "pages": 29,
    "price": "162.20",
    "rating": 5.0,
    "publisher": 179,
    "pubdate": "2021-06-30",
    "authors": [
      171,
      172,
      175,
      176,
      178,
      179
    ]
  }
},
{
  "model": "bookstore.book",
  "pk": 3273,
  "fields": {
    "name": "Result value son.",
    "pages": 168,
    "price": "220.70",
    "rating": 9.0,
    "publisher": 179,
    "pubdate": "2021-06-30",
    "authors": [
      172,
      176,
      177,
      179
    ]
  }
},
{
  "model": "bookstore.book",
  "pk": 3274,
  "fields": {
    "name": "Dark including still.",
    "pages": 219,
    "price": "64.70",
    "rating": 5.0,
    "publisher": 179,
    "pubdate": "2021-06-30",
    "authors": [
      172,
      176,
      179
    ]
  }
},
{
  "model": "bookstore.book",
  "pk": 3275,
  "fields": {
    "name": "Simply child become.",
    "pages": 229,
    "price": "126.40",
    "rating": 6.0,
    "publisher": 179,
    "pubdate": "2021-06-30",
    "authors": [
      171,
      172,
      173,
      175,
      176,
      177,
      178,
      179,
      180
    ]
  }
},
{
  "model": "bookstore.book",
  "pk": 3276,
  "fields": {
    "name": "Music.",
    "pages": 218,
    "price": "176.60",
    "rating": 8.0,
    "publisher": 179,
    "pubdate": "2021-06-30",
    "authors": [
      171,
      172,
      173,
      174,
      178
    ]
  }
},
{
  "model": "bookstore.book",
  "pk": 3277,
  "fields": {
    "name": "Find position affect.",
    "pages": 246,
    "price": "24.60",
    "rating": 1.0,
    "publisher": 179,
    "pubdate": "2021-06-30",
    "authors": [
      171,
      174,
      175,
      176,
      179,
      180
    ]
  }
},
{
  "model": "bookstore.book",
  "pk": 3278,
  "fields": {
    "name": "At energy.",
    "pages": 182,
    "price": "111.60",
    "rating": 5.0,
    "publisher": 179,
    "pubdate": "2021-06-30",
    "authors": [
      171,
      172,
      174,
      175,
      176,
      177,
      179,
      180
    ]
  }
},
{
  "model": "bookstore.book",
  "pk": 3279,
  "fields": {
    "name": "Finally must.",
    "pages": 223,
    "price": "219.80",
    "rating": 3.0,
    "publisher": 179,
    "pubdate": "2021-06-30",
    "authors": [
      171,
      174,
      179,
      180
    ]
  }
},
{
  "model": "bookstore.book",
  "pk": 3280,
  "fields": {
    "name": "Phone know.",
    "pages": 86,
    "price": "88.00",
    "rating": 1.0,
    "publisher": 179,
    "pubdate": "2021-06-30",
    "authors": [
      171,
      172,
      173,
      174,
      175,
      176,
      177,
      178,
      180
    ]
  }
},
{
  "model": "bookstore.book",
  "pk": 3281,
  "fields": {
    "name": "Box of.",
    "pages": 88,
    "price": "290.60",
    "rating": 9.0,
    "publisher": 179,
    "pubdate": "2021-06-30",
    "authors": [
      171,
      172,
      173,
      174,
      175,
      177,
      179,
      180
    ]
  }
},
{
  "model": "bookstore.book",
  "pk": 3282,
  "fields": {
    "name": "Than all.",
    "pages": 104,
    "price": "120.10",
    "rating": 9.0,
    "publisher": 179,
    "pubdate": "2021-06-30",
    "authors": [
      171,
      172,
      173,
      174,
      175,
      176,
      177,
      178,
      179,
      180
    ]
  }
},
{
  "model": "bookstore.book",
  "pk": 3283,
  "fields": {
    "name": "Region account debate speech.",
    "pages": 221,
    "price": "190.40",
    "rating": 4.0,
    "publisher": 179,
    "pubdate": "2021-06-30",
    "authors": [
      171,
      172,
      176,
      177,
      180
    ]
  }
},
{
  "model": "bookstore.book",
  "pk": 3284,
  "fields": {
    "name": "Strategy.",
    "pages": 296,
    "price": "240.40",
    "rating": 9.0,
    "publisher": 179,
    "pubdate": "2021-06-30",
    "authors": [
      171,
      172,
      173,
      175,
      176,
      177,
      178,
      179,
      180
    ]
  }
},
{
  "model": "bookstore.book",
  "pk": 3285,
  "fields": {
    "name": "Drug later miss focus.",
    "pages": 74,
    "price": "34.60",
    "rating": 6.0,
    "publisher": 180,
    "pubdate": "2021-06-30",
    "authors": [
      171,
      172,
      173,
      174,
      175,
      176,
      177,
      180
    ]
  }
},
{
  "model": "bookstore.book",
  "pk": 3286,
  "fields": {
    "name": "Positive fill.",
    "pages": 41,
    "price": "202.30",
    "rating": 9.0,
    "publisher": 180,
    "pubdate": "2021-06-30",
    "authors": [
      171,
      172,
      173,
      174,
      175,
      176,
      177,
      178,
      179,
      180
    ]
  }
},
{
  "model": "bookstore.book",
  "pk": 3287,
  "fields": {
    "name": "Tonight not reach dog.",
    "pages": 296,
    "price": "80.20",
    "rating": 10.0,
    "publisher": 180,
    "pubdate": "2021-06-30",
    "authors": [
      171,
      172,
      173,
      175,
      179
    ]
  }
},
{
  "model": "bookstore.book",
  "pk": 3288,
  "fields": {
    "name": "Need scene.",
    "pages": 149,
    "price": "30.40",
    "rating": 6.0,
    "publisher": 180,
    "pubdate": "2021-06-30",
    "authors": [
      172,
      173,
      174,
      175,
      176,
      177,
      179,
      180
    ]
  }
},
{
  "model": "bookstore.book",
  "pk": 3289,
  "fields": {
    "name": "Friend visit change the.",
    "pages": 206,
    "price": "80.20",
    "rating": 10.0,
    "publisher": 180,
    "pubdate": "2021-06-30",
    "authors": [
      173,
      179
    ]
  }
},
{
  "model": "bookstore.book",
  "pk": 3290,
  "fields": {
    "name": "Official occur.",
    "pages": 178,
    "price": "195.50",
    "rating": 4.0,
    "publisher": 180,
    "pubdate": "2021-06-30",
    "authors": [
      171,
      173,
      175,
      177,
      179
    ]
  }
},
{
  "model": "bookstore.book",
  "pk": 3291,
  "fields": {
    "name": "Attorney sister alone.",
    "pages": 169,
    "price": "299.50",
    "rating": 8.0,
    "publisher": 180,
    "pubdate": "2021-06-30",
    "authors": [
      172,
      174,
      176,
      177,
      178,
      180
    ]
  }
},
{
  "model": "bookstore.book",
  "pk": 3292,
  "fields": {
    "name": "Read I because.",
    "pages": 297,
    "price": "243.60",
    "rating": 5.0,
    "publisher": 180,
    "pubdate": "2021-06-30",
    "authors": [
      176,
      179,
      180
    ]
  }
},
{
  "model": "bookstore.book",
  "pk": 3293,
  "fields": {
    "name": "Century how language.",
    "pages": 65,
    "price": "56.00",
    "rating": 2.0,
    "publisher": 180,
    "pubdate": "2021-06-30",
    "authors": [
      171,
      172,
      173,
      174,
      175,
      176,
      178,
      179
    ]
  }
},
{
  "model": "bookstore.book",
  "pk": 3294,
  "fields": {
    "name": "Brother hold.",
    "pages": 199,
    "price": "60.20",
    "rating": 5.0,
    "publisher": 180,
    "pubdate": "2021-06-30",
    "authors": [
      176,
      177,
      178
    ]
  }
},
{
  "model": "bookstore.book",
  "pk": 3295,
  "fields": {
    "name": "None Mrs huge.",
    "pages": 212,
    "price": "27.20",
    "rating": 9.0,
    "publisher": 180,
    "pubdate": "2021-06-30",
    "authors": [
      172,
      173,
      174,
      175,
      176,
      178,
      179,
      180
    ]
  }
},
{
  "model": "bookstore.book",
  "pk": 3296,
  "fields": {
    "name": "Raise meeting use.",
    "pages": 194,
    "price": "222.40",
    "rating": 3.0,
    "publisher": 180,
    "pubdate": "2021-06-30",
    "authors": [
      171,
      172,
      173,
      174,
      175,
      176,
      177,
      178,
      179,
      180
    ]
  }
},
{
  "model": "bookstore.book",
  "pk": 3297,
  "fields": {
    "name": "Congress yet.",
    "pages": 224,
    "price": "91.20",
    "rating": 4.0,
    "publisher": 180,
    "pubdate": "2021-06-30",
    "authors": [
      171
    ]
  }
},
{
  "model": "bookstore.book",
  "pk": 3298,
  "fields": {
    "name": "Consider site woman.",
    "pages": 65,
    "price": "160.30",
    "rating": 4.0,
    "publisher": 180,
    "pubdate": "2021-06-30",
    "authors": [
      171,
      172,
      173,
      174,
      175,
      176,
      177,
      178,
      179,
      180
    ]
  }
},
{
  "model": "bookstore.book",
  "pk": 3299,
  "fields": {
    "name": "Serious someone.",
    "pages": 138,
    "price": "75.10",
    "rating": 2.0,
    "publisher": 180,
    "pubdate": "2021-06-30",
    "authors": [
      176
    ]
  }
},
{
  "model": "bookstore.book",
  "pk": 3300,
  "fields": {
    "name": "Close.",
    "pages": 133,
    "price": "208.20",
    "rating": 3.0,
    "publisher": 180,
    "pubdate": "2021-06-30",
    "authors": [
      179,
      180
    ]
  }
},
{
  "model": "bookstore.book",
  "pk": 3301,
  "fields": {
    "name": "Training report common.",
    "pages": 160,
    "price": "76.00",
    "rating": 10.0,
    "publisher": 180,
    "pubdate": "2021-06-30",
    "authors": [
      171,
      172,
      173,
      174,
      175,
      176,
      177,
      178,
      179,
      180
    ]
  }
},
{
  "model": "bookstore.book",
  "pk": 3302,
  "fields": {
    "name": "Church system.",
    "pages": 86,
    "price": "205.00",
    "rating": 7.0,
    "publisher": 180,
    "pubdate": "2021-06-30",
    "authors": [
      171,
      172,
      173,
      174,
      175,
      176,
      177,
      178,
      179,
      180
    ]
  }
},
{
  "model": "bookstore.book",
  "pk": 3303,
  "fields": {
    "name": "Arm.",
    "pages": 150,
    "price": "202.70",
    "rating": 1.0,
    "publisher": 180,
    "pubdate": "2021-06-30",
    "authors": [
      171,
      173,
      176
    ]
  }
},
{
  "model": "bookstore.book",
  "pk": 3304,
  "fields": {
    "name": "Race involve.",
    "pages": 176,
    "price": "229.00",
    "rating": 4.0,
    "publisher": 180,
    "pubdate": "2021-06-30",
    "authors": [
      172,
      176,
      178,
      180
    ]
  }
},
{
  "model": "bookstore.book",
  "pk": 3305,
  "fields": {
    "name": "Great myself face.",
    "pages": 42,
    "price": "204.40",
    "rating": 9.0,
    "publisher": 181,
    "pubdate": "2021-06-30",
    "authors": [
      171,
      172,
      176,
      177,
      179,
      180
    ]
  }
},
{
  "model": "bookstore.book",
  "pk": 3306,
  "fields": {
    "name": "Couple tell threat.",
    "pages": 70,
    "price": "163.60",
    "rating": 10.0,
    "publisher": 181,
    "pubdate": "2021-06-30",
    "authors": [
      178
    ]
  }
},
{
  "model": "bookstore.book",
  "pk": 3307,
  "fields": {
    "name": "Nation quickly note.",
    "pages": 112,
    "price": "24.30",
    "rating": 4.0,
    "publisher": 181,
    "pubdate": "2021-06-30",
    "authors": [
      171,
      172,
      174,
      175,
      177,
      178,
      179,
      180
    ]
  }
},
{
  "model": "bookstore.book",
  "pk": 3308,
  "fields": {
    "name": "Red friend seem.",
    "pages": 107,
    "price": "50.10",
    "rating": 7.0,
    "publisher": 181,
    "pubdate": "2021-06-30",
    "authors": [
      171,
      172,
      174,
      175,
      177,
      179,
      180
    ]
  }
},
{
  "model": "bookstore.book",
  "pk": 3309,
  "fields": {
    "name": "Poor trade.",
    "pages": 138,
    "price": "298.10",
    "rating": 7.0,
    "publisher": 181,
    "pubdate": "2021-06-30",
    "authors": [
      171,
      173,
      174,
      176,
      177,
      178,
      180
    ]
  }
},
{
  "model": "bookstore.book",
  "pk": 3310,
  "fields": {
    "name": "Design remain song.",
    "pages": 50,
    "price": "90.70",
    "rating": 4.0,
    "publisher": 181,
    "pubdate": "2021-06-30",
    "authors": [
      173,
      174,
      175,
      176,
      179,
      180
    ]
  }
},
{
  "model": "bookstore.book",
  "pk": 3311,
  "fields": {
    "name": "That social.",
    "pages": 146,
    "price": "234.50",
    "rating": 5.0,
    "publisher": 181,
    "pubdate": "2021-06-30",
    "authors": [
      171,
      172,
      173,
      174,
      175,
      176,
      178,
      179,
      180
    ]
  }
},
{
  "model": "bookstore.book",
  "pk": 3312,
  "fields": {
    "name": "Can lawyer.",
    "pages": 58,
    "price": "189.30",
    "rating": 1.0,
    "publisher": 181,
    "pubdate": "2021-06-30",
    "authors": [
      171,
      175,
      176,
      177
    ]
  }
},
{
  "model": "bookstore.book",
  "pk": 3313,
  "fields": {
    "name": "Thing a.",
    "pages": 268,
    "price": "18.60",
    "rating": 2.0,
    "publisher": 181,
    "pubdate": "2021-06-30",
    "authors": [
      171,
      174,
      176,
      177,
      180
    ]
  }
},
{
  "model": "bookstore.book",
  "pk": 3314,
  "fields": {
    "name": "By.",
    "pages": 290,
    "price": "108.80",
    "rating": 2.0,
    "publisher": 181,
    "pubdate": "2021-06-30",
    "authors": [
      173,
      176
    ]
  }
},
{
  "model": "bookstore.book",
  "pk": 3315,
  "fields": {
    "name": "Sure local increase.",
    "pages": 167,
    "price": "26.50",
    "rating": 2.0,
    "publisher": 181,
    "pubdate": "2021-06-30",
    "authors": [
      171,
      172,
      173,
      174,
      175,
      176,
      178,
      180
    ]
  }
},
{
  "model": "bookstore.book",
  "pk": 3316,
  "fields": {
    "name": "Memory democratic somebody.",
    "pages": 142,
    "price": "268.90",
    "rating": 5.0,
    "publisher": 181,
    "pubdate": "2021-06-30",
    "authors": [
      171,
      173,
      174,
      175,
      176,
      177,
      179,
      180
    ]
  }
},
{
  "model": "bookstore.book",
  "pk": 3317,
  "fields": {
    "name": "Reflect east.",
    "pages": 91,
    "price": "28.30",
    "rating": 7.0,
    "publisher": 181,
    "pubdate": "2021-06-30",
    "authors": [
      171,
      172,
      174,
      175,
      176,
      178,
      179,
      180
    ]
  }
},
{
  "model": "bookstore.book",
  "pk": 3318,
  "fields": {
    "name": "Model chance.",
    "pages": 63,
    "price": "202.60",
    "rating": 6.0,
    "publisher": 181,
    "pubdate": "2021-06-30",
    "authors": [
      171,
      173,
      177,
      180
    ]
  }
},
{
  "model": "bookstore.book",
  "pk": 3319,
  "fields": {
    "name": "Run yeah quality but.",
    "pages": 61,
    "price": "132.20",
    "rating": 1.0,
    "publisher": 181,
    "pubdate": "2021-06-30",
    "authors": [
      171,
      172,
      173,
      174,
      175,
      176,
      177,
      178,
      179,
      180
    ]
  }
},
{
  "model": "bookstore.book",
  "pk": 3320,
  "fields": {
    "name": "Admit research.",
    "pages": 68,
    "price": "106.60",
    "rating": 2.0,
    "publisher": 181,
    "pubdate": "2021-06-30",
    "authors": [
      174,
      178,
      179,
      180
    ]
  }
},
{
  "model": "bookstore.book",
  "pk": 3321,
  "fields": {
    "name": "Mr offer.",
    "pages": 70,
    "price": "219.30",
    "rating": 1.0,
    "publisher": 181,
    "pubdate": "2021-06-30",
    "authors": [
      173,
      179
    ]
  }
},
{
  "model": "bookstore.book",
  "pk": 3322,
  "fields": {
    "name": "Plan.",
    "pages": 226,
    "price": "249.90",
    "rating": 3.0,
    "publisher": 181,
    "pubdate": "2021-06-30",
    "authors": [
      171,
      174,
      175,
      176,
      177,
      178,
      179
    ]
  }
},
{
  "model": "bookstore.book",
  "pk": 3323,
  "fields": {
    "name": "Least wear.",
    "pages": 160,
    "price": "128.10",
    "rating": 5.0,
    "publisher": 181,
    "pubdate": "2021-06-30",
    "authors": [
      171,
      173,
      179,
      180
    ]
  }
},
{
  "model": "bookstore.book",
  "pk": 3324,
  "fields": {
    "name": "Your question dog.",
    "pages": 30,
    "price": "185.80",
    "rating": 8.0,
    "publisher": 181,
    "pubdate": "2021-06-30",
    "authors": [
      171,
      172,
      173,
      174,
      175,
      176,
      177,
      178,
      179,
      180
    ]
  }
},
{
  "model": "bookstore.store",
  "pk": 112,
  "fields": {
    "name": "Thomas, Faulkner and Hill",
    "books": [
      3125,
      3126,
      3127,
      3128,
      3129,
      3130,
      3131,
      3132,
      3133,
      3134,
      3135,
      3136,
      3137,
      3138,
      3139,
      3140,
      3141,
      3142,
      3143,
      3144
    ]
  }
},
{
  "model": "bookstore.store",
  "pk": 113,
  "fields": {
    "name": "Stone and Sons",
    "books": [
      3145,
      3146,
      3147,
      3148,
      3149,
      3150,
      3151,
      3152,
      3153,
      3154,
      3155,
      3156,
      3157,
      3158,
      3159,
      3160,
      3161,
      3162,
      3163,
      3164
    ]
  }
},
{
  "model": "bookstore.store",
  "pk": 114,
  "fields": {
    "name": "Gonzalez-Price",
    "books": [
      3165,
      3166,
      3167,
      3168,
      3169,
      3170,
      3171,
      3172,
      3173,
      3174,
      3175,
      3176,
      3177,
      3178,
      3179,
      3180,
      3181,
      3182,
      3183,
      3184
    ]
  }
},
{
  "model": "bookstore.store",
  "pk": 115,
  "fields": {
    "name": "Ford, Horne and Chambers",
    "books": [
      3185,
      3186,
      3187,
      3188,
      3189,
      3190,
      3191,
      3192,
      3193,
      3194,
      3195,
      3196,
      3197,
      3198,
      3199,
      3200,
      3201,
      3202,
      3203,
      3204
    ]
  }
},
{
  "model": "bookstore.store",
  "pk": 116,
  "fields": {
    "name": "Campbell, Mosley and Clark",
    "books": [
      3205,
      3206,
      3207,
      3208,
      3209,
      3210,
      3211,
      3212,
      3213,
      3214,
      3215,
      3216,
      3217,
      3218,
      3219,
      3220,
      3221,
      3222,
      3223,
      3224
    ]
  }
},
{
  "model": "bookstore.store",
  "pk": 117,
  "fields": {
    "name": "Daniel-Krause",
    "books": [
      3225,
      3226,
      3227,
      3228,
      3229,
      3230,
      3231,
      3232,
      3233,
      3234,
      3235,
      3236,
      3237,
      3238,
      3239,
      3240,
      3241,
      3242,
      3243,
      3244
    ]
  }
},
{
  "model": "bookstore.store",
  "pk": 118,
  "fields": {
    "name": "Butler-Allison",
    "books": [
      3245,
      3246,
      3247,
      3248,
      3249,
      3250,
      3251,
      3252,
      3253,
      3254,
      3255,
      3256,
      3257,
      3258,
      3259,
      3260,
      3261,
      3262,
      3263,
      3264
    ]
  }
},
{
  "model": "bookstore.store",
  "pk": 119,
  "fields": {
    "name": "Patterson, Lozano and Watson",
    "books": [
      3265,
      3266,
      3267,
      3268,
      3269,
      3270,
      3271,
      3272,
      3273,
      3274,
      3275,
      3276,
      3277,
      3278,
      3279,
      3280,
      3281,
      3282,
      3283,
      3284
    ]
  }
},
{
  "model": "bookstore.store",
  "pk": 120,
  "fields": {
    "name": "Harper LLC",
    "books": [
      3285,
      3286,
      3287,
      3288,
      3289,
      3290,
      3291,
      3292,
      3293,
      3294,
      3295,
      3296,
      3297,
      3298,
      3299,
      3300,
      3301,
      3302,
      3303,
      3304
    ]
  }
},
{
  "model": "bookstore.store",
  "pk": 121,
  "fields": {
    "name": "Smith PLC",
    "books": [
      3305,
      3306,
      3307,
      3308,
      3309,
      3310,
      3311,
      3312,
      3313,
      3314,
      3315,
      3316,
      3317,
      3318,
      3319,
      3320,
      3321,
      3322,
      3323,
      3324
    ]
  }
}
]
